TEXTUREID,CellCountX,CellCountY,CellSizeX,CellSizeY,TEXTURESIZEX,TEXTURESIZY,PositionX,PositionY,ScaleX,ScaleY,Rotation,ORIGINPRESET
tiles,30,20,64,64,16,16,1920,-512,1,1,0,4

CELLTEXCOORDX,CELLTEXCOORDY
0,0,0,0,0,0
0,0,0,0,0,0
0,0,0,0,0,0
0,0,0,0,0,0
0,0,0,0,0,0
0,0,0,0,0,0
0,0,0,0,0,0
0,0,0,0,0,0
0,0,0,0,0,0
0,0,0,0,0,0
0,0,0,0,0,0
0,0,0,0,0,0
0,0,0,0,0,0
0,0,0,0,0,0
0,0,0,0,0,0
0,0,0,0,0,0
0,0,0,0,0,0
0,0,0,0,0,0
0,0,0,0,0,0
0,0,0,0,0,0
0,0,0,0,0,0
0,0,0,0,0,0
0,0,0,0,0,0
0,0,0,0,0,0
0,0,0,0,0,0
0,0,0,0,0,0
0,0,0,0,0,0
0,0,0,0,0,0
0,0,0,0,0,0
0,0,0,0,0,0
0,0,0,0,0,0
0,0,0,0,0,0
0,0,0,0,0,0
0,0,0,0,0,0
0,0,0,0,0,0
0,0,0,0,0,0
0,0,0,0,0,0
0,0,0,0,0,0
0,0,0,0,0,0
0,0,0,0,0,0
0,0,0,0,0,0
0,0,0,0,0,0
0,0,0,0,0,0
0,0,0,0,0,0
0,0,0,0,0,0
0,0,0,0,0,0
0,0,0,0,0,0
0,0,0,0,0,0
0,0,0,0,0,0
0,0,0,0,0,0
0,0,0,0,0,0
0,0,0,0,0,0
0,0,0,0,0,0
0,0,0,0,0,0
0,0,0,0,0,0
0,0,0,0,0,0
0,0,0,0,0,0
0,0,0,0,0,0
0,0,0,0,0,0
0,0,0,0,0,0
0,0,0,0,0,0
0,0,0,0,0,0
0,0,0,0,0,0
0,0,0,0,0,0
0,0,0,0,0,0
0,0,0,0,0,0
0,0,0,0,0,0
0,0,0,0,0,0
0,0,0,0,0,0
0,0,0,0,0,0
0,0,0,0,0,0
0,0,0,0,0,0
0,0,0,0,0,0
0,0,0,0,0,0
0,0,0,0,0,0
0,0,0,0,0,0
0,0,0,0,0,0
0,0,0,0,0,0
0,0,0,0,0,0
0,0,0,0,0,0
0,0,0,0,0,0
0,0,0,0,0,0
0,0,0,0,0,0
0,0,0,0,0,0
0,0,0,0,0,0
0,0,0,0,0,0
0,0,0,0,0,0
0,0,0,0,0,0
0,0,0,0,0,0
0,0,0,0,0,0
0,0,0,0,0,0
0,0,0,0,0,0
0,0,0,0,0,0
0,0,0,0,0,0
0,0,0,0,0,0
0,0,0,0,0,0
0,0,0,0,0,0
0,0,0,0,0,0
0,0,0,0,0,0
0,0,0,0,0,0
0,0,0,0,0,0
0,0,0,0,0,0
0,0,0,0,0,0
0,0,0,0,0,0
0,0,0,0,0,0
0,0,0,0,0,0
0,0,0,0,0,0
0,0,0,0,0,0
0,0,0,0,0,0
0,0,0,0,0,0
0,0,0,0,0,0
0,0,0,0,0,0
0,0,0,0,0,0
0,0,0,0,0,0
0,0,0,0,0,0
0,0,0,0,0,0
0,0,0,0,0,0
0,0,0,0,0,0
0,0,0,0,0,0
0,0,0,0,0,0
0,0,0,0,0,0
0,0,0,0,0,0
0,0,0,0,0,0
0,0,0,0,0,0
0,0,0,0,0,0
0,0,0,0,0,0
0,0,0,0,0,0
0,0,0,0,0,0
0,0,0,0,0,0
0,0,0,0,0,0
0,0,0,0,0,0
0,0,0,0,0,0
0,0,0,0,0,0
0,0,0,0,0,0
0,0,0,0,0,0
0,0,0,0,0,0
0,0,0,0,0,0
0,0,0,0,0,0
0,0,0,0,0,0
0,0,0,0,0,0
0,0,0,0,0,0
0,0,0,0,0,0
0,0,0,0,0,0
0,0,0,0,0,0
0,0,0,0,0,0
0,0,0,0,0,0
0,0,0,0,0,0
0,0,0,0,0,0
0,0,0,0,0,0
0,0,0,0,0,0
0,0,0,0,0,0
0,0,0,0,0,0
0,0,0,0,0,0
0,0,0,0,0,0
0,0,0,0,0,0
0,0,0,0,0,0
0,0,0,0,0,0
0,0,0,0,0,0
0,0,0,0,0,0
0,0,0,0,0,0
0,0,0,0,0,0
0,0,0,0,0,0
0,0,0,0,0,0
0,0,0,0,0,0
0,0,0,0,0,0
0,0,0,0,0,0
0,0,0,0,0,0
0,0,0,0,0,0
0,0,0,0,0,0
0,0,0,0,0,0
0,0,0,0,0,0
0,0,0,0,0,0
0,0,0,0,0,0
0,0,0,0,0,0
0,0,0,0,0,0
0,0,0,0,0,0
0,0,0,0,0,0
0,0,0,0,0,0
0,0,0,0,0,0
0,0,0,0,0,0
0,0,0,0,0,0
0,0,0,0,0,0
0,0,0,0,0,0
0,0,0,0,0,0
0,0,0,0,0,0
0,0,0,0,0,0
0,0,0,0,0,0
0,0,0,0,0,0
0,0,0,0,0,0
0,0,0,0,0,0
0,0,0,0,0,0
0,0,0,0,0,0
0,0,0,0,0,0
0,0,0,0,0,0
0,0,0,0,0,0
0,0,0,0,0,0
0,0,0,0,0,0
0,0,0,0,0,0
0,0,0,0,0,0
0,0,0,0,0,0
0,0,0,0,0,0
0,0,0,0,0,0
0,0,0,0,0,0
0,0,0,0,0,0
0,0,0,0,0,0
0,0,0,0,0,0
0,0,0,0,0,0
0,0,0,0,0,0
0,0,0,0,0,0
0,0,0,0,0,0
0,0,0,0,0,0
0,0,0,0,0,0
0,0,0,0,0,0
0,0,0,0,0,0
0,0,0,0,0,0
0,0,0,0,0,0
0,0,0,0,0,0
0,0,0,0,0,0
0,0,0,0,0,0
0,0,0,0,0,0
0,0,0,0,0,0
0,0,0,0,0,0
0,0,0,0,0,0
0,0,0,0,0,0
0,0,0,0,0,0
0,0,0,0,0,0
0,0,0,0,0,0
0,0,0,0,0,0
0,0,0,0,0,0
0,0,0,0,0,0
0,0,0,0,0,0
0,0,0,0,0,0
0,0,0,0,0,0
0,0,0,0,0,0
0,0,0,0,0,0
0,0,0,0,0,0
0,0,0,0,0,0
0,0,0,0,0,0
0,0,0,0,0,0
0,0,0,0,0,0
0,0,0,0,0,0
0,0,0,0,0,0
0,0,0,0,0,0
0,0,0,0,0,0
0,0,0,0,0,0
0,0,0,0,0,0
0,0,0,0,0,0
0,0,0,0,0,0
0,0,0,0,0,0
0,0,0,0,0,0
0,0,0,0,0,0
0,0,0,0,0,0
0,0,0,0,0,0
0,0,0,0,0,0
0,0,0,0,0,0
0,0,0,0,0,0
0,0,0,0,0,0
0,0,0,0,0,0
0,0,0,0,0,0
0,0,0,0,0,0
0,0,0,0,0,0
0,0,0,0,0,0
0,0,0,0,0,0
0,0,0,0,0,0
0,0,0,0,0,0
0,0,0,0,0,0
0,0,0,0,0,0
0,0,0,0,0,0
0,0,0,0,0,0
0,0,0,0,0,0
0,0,0,0,0,0
0,0,0,0,0,0
0,0,0,0,0,0
0,0,0,0,0,0
0,0,0,0,0,0
0,0,0,0,0,0
0,0,0,0,0,0
0,0,0,0,0,0
0,0,0,0,0,0
0,0,0,0,0,0
0,0,0,0,0,0
0,0,0,0,0,0
0,0,0,0,0,0
0,0,0,0,0,0
0,0,0,0,0,0
0,0,0,0,0,0
0,0,0,0,0,0
0,0,0,0,0,0
0,0,0,0,0,0
0,0,0,0,0,0
0,0,0,0,0,0
0,0,0,0,0,0
0,0,0,0,0,0
0,0,0,0,0,0
0,0,0,0,0,0
0,0,0,0,0,0
0,0,0,0,0,0
0,0,0,0,0,0
0,0,0,0,0,0
0,0,0,0,0,0
0,0,0,0,0,0
0,0,0,0,0,0
0,0,0,0,0,0
0,0,0,0,0,0
0,0,0,0,0,0
0,0,0,0,0,0
0,0,0,0,0,0
0,0,0,0,0,0
0,0,0,0,0,0
0,0,0,0,0,0
0,0,0,0,0,0
0,0,0,0,0,0
0,0,0,0,0,0
0,0,0,0,0,0
0,0,0,0,0,0
0,0,0,0,0,0
0,0,0,0,0,0
0,0,0,0,0,0
0,0,0,0,0,0
0,0,0,0,0,0
0,0,0,0,0,0
0,0,0,0,0,0
0,0,0,0,0,0
0,0,0,0,0,0
0,0,0,0,0,0
0,0,0,0,0,0
0,0,0,0,0,0
0,0,0,0,0,0
0,0,0,0,0,0
0,0,0,0,0,0
0,0,0,0,0,0
0,0,0,0,0,0
0,0,0,0,0,0
0,0,0,0,0,0
0,0,0,0,0,0
0,0,0,0,0,0
0,0,0,0,0,0
0,0,0,0,0,0
0,0,0,0,0,0
0,0,0,0,0,0
0,0,0,0,0,0
0,0,0,0,0,0
0,0,0,0,0,0
0,0,0,0,0,0
0,0,0,0,0,0
0,0,0,0,0,0
0,0,0,0,0,0
0,0,0,0,0,0
0,0,0,0,0,0
0,0,0,0,0,0
0,0,0,0,0,0
0,0,0,0,0,0
0,0,0,0,0,0
0,0,0,0,0,0
0,0,0,0,0,0
0,0,0,0,0,0
0,0,0,0,0,0
0,0,0,0,0,0
0,0,0,0,0,0
0,0,0,0,0,0
0,0,0,0,0,0
0,0,0,0,0,0
0,0,0,0,0,0
0,0,0,0,0,0
0,0,0,0,0,0
0,0,0,0,0,0
0,0,0,0,0,0
0,0,0,0,0,0
0,0,0,0,0,0
0,0,0,0,0,0
0,0,0,0,0,0
0,0,0,0,0,0
0,0,0,0,0,0
0,0,0,0,0,0
0,0,0,0,0,0
0,0,0,0,0,0
0,0,0,0,0,0
0,0,0,0,0,0
0,0,0,0,0,0
0,0,0,0,0,0
0,0,0,0,0,0
0,0,0,0,0,0
0,0,0,0,0,0
0,0,0,0,0,0
0,0,0,0,0,0
0,0,0,0,0,0
0,0,0,0,0,0
0,0,0,0,0,0
0,0,0,0,0,0
0,0,0,0,0,0
0,0,0,0,0,0
0,0,0,0,0,0
0,0,0,0,0,0
0,0,0,0,0,0
0,0,0,0,0,0
0,0,0,0,0,0
0,0,0,0,0,0
0,0,0,0,0,0
0,0,0,0,0,0
0,0,0,0,0,0
0,0,0,0,0,0
0,0,0,0,0,0
0,0,0,0,0,0
0,0,0,0,0,0
0,0,0,0,0,0
0,0,0,0,0,0
0,0,0,0,0,0
0,0,0,0,0,0
0,0,0,0,0,0
0,0,0,0,0,0
0,0,0,0,0,0
0,0,0,0,0,0
0,0,0,0,0,0
0,0,0,0,0,0
0,0,0,0,0,0
0,0,0,0,0,0
0,0,0,0,0,0
0,0,0,0,0,0
0,0,0,0,0,0
0,0,0,0,0,0
0,0,0,0,0,0
0,0,0,0,0,0
0,0,0,0,0,0
0,0,0,0,0,0
0,0,0,0,0,0
0,0,0,0,0,0
0,0,0,0,0,0
0,0,0,0,0,0
0,0,0,0,0,0
0,0,0,0,0,0
0,0,0,0,0,0
0,0,0,0,0,0
0,0,0,0,0,0
0,0,0,0,0,0
0,0,0,0,0,0
0,0,0,0,0,0
0,0,0,0,0,0
0,0,0,0,0,0
0,0,0,0,0,0
0,0,0,0,0,0
0,0,0,0,0,0
0,0,0,0,0,0
0,0,0,0,0,0
0,0,0,0,0,0
0,0,0,0,0,0
0,0,0,0,0,0
0,0,0,0,0,0
0,0,0,0,0,0
0,0,0,0,0,0
0,0,0,0,0,0
0,0,0,0,0,0
0,0,0,0,0,0
0,0,0,0,0,0
0,0,0,0,0,0
0,0,0,0,0,0
0,0,0,0,0,0
0,0,0,0,0,0
0,0,0,0,0,0
0,0,0,0,0,0
0,0,0,0,0,0
0,0,0,0,0,0
0,0,0,0,0,0
0,0,0,0,0,0
0,0,0,0,0,0
0,0,0,0,0,0
0,0,0,0,0,0
0,0,0,0,0,0
0,0,0,0,0,0
0,0,0,0,0,0
0,0,0,0,0,0
0,0,0,0,0,0
0,0,0,0,0,0
0,0,0,0,0,0
0,0,0,0,0,0
0,0,0,0,0,0
0,0,0,0,0,0
0,0,0,0,0,0
0,0,0,0,0,0
0,0,0,0,0,0
0,0,0,0,0,0
0,0,0,0,0,0
0,0,0,0,0,0
0,0,0,0,0,0
0,0,0,0,0,0
0,0,0,0,0,0
0,0,0,0,0,0
0,0,0,0,0,0
0,0,0,0,0,0
0,0,0,0,0,0
0,0,0,0,0,0
0,0,0,0,0,0
0,0,0,0,0,0
0,0,0,0,0,0
0,0,0,0,0,0
0,0,0,0,0,0
0,0,0,0,0,0
0,0,0,0,0,0
0,0,0,0,0,0
0,0,0,0,0,0
0,0,0,0,0,0
0,0,0,0,0,0
0,0,0,0,0,0
0,0,0,0,0,0
0,0,0,0,0,0
0,0,0,0,0,0
0,0,0,0,0,0
0,0,0,0,0,0
0,0,0,0,0,0
0,352,255,255,255,255
16,352,255,255,255,255
16,368,255,255,255,255
0,368,255,255,255,255
16,352,255,255,255,255
32,352,255,255,255,255
32,368,255,255,255,255
16,368,255,255,255,255
16,320,255,255,255,255
32,320,255,255,255,255
32,336,255,255,255,255
16,336,255,255,255,255
32,320,255,255,255,255
48,320,255,255,255,255
48,336,255,255,255,255
32,336,255,255,255,255
0,0,0,0,0,0
0,0,0,0,0,0
0,0,0,0,0,0
0,0,0,0,0,0
0,0,0,0,0,0
0,0,0,0,0,0
0,0,0,0,0,0
0,0,0,0,0,0
0,0,0,0,0,0
0,0,0,0,0,0
0,0,0,0,0,0
0,0,0,0,0,0
0,0,0,0,0,0
0,0,0,0,0,0
0,0,0,0,0,0
0,0,0,0,0,0
0,0,0,0,0,0
0,0,0,0,0,0
0,0,0,0,0,0
0,0,0,0,0,0
0,0,0,0,0,0
0,0,0,0,0,0
0,0,0,0,0,0
0,0,0,0,0,0
0,0,0,0,0,0
0,0,0,0,0,0
0,0,0,0,0,0
0,0,0,0,0,0
0,0,0,0,0,0
0,0,0,0,0,0
0,0,0,0,0,0
0,0,0,0,0,0
0,0,0,0,0,0
0,0,0,0,0,0
0,0,0,0,0,0
0,0,0,0,0,0
0,0,0,0,0,0
0,0,0,0,0,0
0,0,0,0,0,0
0,0,0,0,0,0
0,0,0,0,0,0
0,0,0,0,0,0
0,0,0,0,0,0
0,0,0,0,0,0
0,0,0,0,0,0
0,0,0,0,0,0
0,0,0,0,0,0
0,0,0,0,0,0
0,0,0,0,0,0
0,0,0,0,0,0
0,0,0,0,0,0
0,0,0,0,0,0
0,0,0,0,0,0
0,0,0,0,0,0
0,0,0,0,0,0
0,0,0,0,0,0
0,0,0,0,0,0
0,0,0,0,0,0
0,0,0,0,0,0
0,0,0,0,0,0
0,0,0,0,0,0
0,0,0,0,0,0
0,0,0,0,0,0
0,0,0,0,0,0
0,0,0,0,0,0
0,0,0,0,0,0
0,0,0,0,0,0
0,0,0,0,0,0
0,0,0,0,0,0
0,0,0,0,0,0
0,0,0,0,0,0
0,0,0,0,0,0
0,0,0,0,0,0
0,0,0,0,0,0
0,0,0,0,0,0
0,0,0,0,0,0
16,320,255,255,255,255
32,320,255,255,255,255
32,336,255,255,255,255
16,336,255,255,255,255
32,320,255,255,255,255
48,320,255,255,255,255
48,336,255,255,255,255
32,336,255,255,255,255
0,0,0,0,0,0
0,0,0,0,0,0
0,0,0,0,0,0
0,0,0,0,0,0
0,0,0,0,0,0
0,0,0,0,0,0
0,0,0,0,0,0
0,0,0,0,0,0
0,0,0,0,0,0
0,0,0,0,0,0
0,0,0,0,0,0
0,0,0,0,0,0
0,0,0,0,0,0
0,0,0,0,0,0
0,0,0,0,0,0
0,0,0,0,0,0
0,0,0,0,0,0
0,0,0,0,0,0
0,0,0,0,0,0
0,0,0,0,0,0
0,336,255,255,255,255
16,336,255,255,255,255
16,352,255,255,255,255
0,352,255,255,255,255
16,336,255,255,255,255
32,336,255,255,255,255
32,352,255,255,255,255
16,352,255,255,255,255
16,336,255,255,255,255
32,336,255,255,255,255
32,352,255,255,255,255
16,352,255,255,255,255
32,336,255,255,255,255
48,336,255,255,255,255
48,352,255,255,255,255
32,352,255,255,255,255
0,0,0,0,0,0
0,0,0,0,0,0
0,0,0,0,0,0
0,0,0,0,0,0
0,0,0,0,0,0
0,0,0,0,0,0
0,0,0,0,0,0
0,0,0,0,0,0
0,0,0,0,0,0
0,0,0,0,0,0
0,0,0,0,0,0
0,0,0,0,0,0
0,0,0,0,0,0
0,0,0,0,0,0
0,0,0,0,0,0
0,0,0,0,0,0
0,0,0,0,0,0
0,0,0,0,0,0
0,0,0,0,0,0
0,0,0,0,0,0
0,0,0,0,0,0
0,0,0,0,0,0
0,0,0,0,0,0
0,0,0,0,0,0
0,0,0,0,0,0
0,0,0,0,0,0
0,0,0,0,0,0
0,0,0,0,0,0
0,0,0,0,0,0
0,0,0,0,0,0
0,0,0,0,0,0
0,0,0,0,0,0
0,0,0,0,0,0
0,0,0,0,0,0
0,0,0,0,0,0
0,0,0,0,0,0
0,0,0,0,0,0
0,0,0,0,0,0
0,0,0,0,0,0
0,0,0,0,0,0
0,0,0,0,0,0
0,0,0,0,0,0
0,0,0,0,0,0
0,0,0,0,0,0
0,0,0,0,0,0
0,0,0,0,0,0
0,0,0,0,0,0
0,0,0,0,0,0
0,0,0,0,0,0
0,0,0,0,0,0
0,0,0,0,0,0
0,0,0,0,0,0
0,0,0,0,0,0
0,0,0,0,0,0
0,0,0,0,0,0
0,0,0,0,0,0
0,0,0,0,0,0
0,0,0,0,0,0
0,0,0,0,0,0
0,0,0,0,0,0
0,0,0,0,0,0
0,0,0,0,0,0
0,0,0,0,0,0
0,0,0,0,0,0
0,0,0,0,0,0
0,0,0,0,0,0
0,0,0,0,0,0
0,0,0,0,0,0
0,0,0,0,0,0
0,0,0,0,0,0
0,0,0,0,0,0
0,0,0,0,0,0
0,0,0,0,0,0
0,0,0,0,0,0
0,0,0,0,0,0
0,0,0,0,0,0
16,336,255,255,255,255
32,336,255,255,255,255
32,352,255,255,255,255
16,352,255,255,255,255
32,336,255,255,255,255
48,336,255,255,255,255
48,352,255,255,255,255
32,352,255,255,255,255
0,0,0,0,0,0
0,0,0,0,0,0
0,0,0,0,0,0
0,0,0,0,0,0
0,0,0,0,0,0
0,0,0,0,0,0
0,0,0,0,0,0
0,0,0,0,0,0
0,0,0,0,0,0
0,0,0,0,0,0
0,0,0,0,0,0
0,0,0,0,0,0
0,0,0,0,0,0
0,0,0,0,0,0
0,0,0,0,0,0
0,0,0,0,0,0
0,0,0,0,0,0
0,0,0,0,0,0
0,0,0,0,0,0
0,0,0,0,0,0
0,0,0,0,0,0
0,0,0,0,0,0
0,0,0,0,0,0
0,0,0,0,0,0
0,0,0,0,0,0
0,0,0,0,0,0
0,0,0,0,0,0
0,0,0,0,0,0
0,0,0,0,0,0
0,0,0,0,0,0
0,0,0,0,0,0
0,0,0,0,0,0
0,0,0,0,0,0
0,0,0,0,0,0
0,0,0,0,0,0
0,0,0,0,0,0
0,0,0,0,0,0
0,0,0,0,0,0
0,0,0,0,0,0
0,0,0,0,0,0
0,0,0,0,0,0
0,0,0,0,0,0
0,0,0,0,0,0
0,0,0,0,0,0
0,0,0,0,0,0
0,0,0,0,0,0
0,0,0,0,0,0
0,0,0,0,0,0
0,0,0,0,0,0
0,0,0,0,0,0
0,0,0,0,0,0
0,0,0,0,0,0
0,0,0,0,0,0
0,0,0,0,0,0
0,0,0,0,0,0
0,0,0,0,0,0
0,0,0,0,0,0
0,0,0,0,0,0
0,0,0,0,0,0
0,0,0,0,0,0
0,0,0,0,0,0
0,0,0,0,0,0
0,0,0,0,0,0
0,0,0,0,0,0
0,0,0,0,0,0
0,0,0,0,0,0
0,0,0,0,0,0
0,0,0,0,0,0
0,0,0,0,0,0
0,0,0,0,0,0
0,0,0,0,0,0
0,0,0,0,0,0
0,0,0,0,0,0
0,0,0,0,0,0
0,0,0,0,0,0
0,0,0,0,0,0
0,0,0,0,0,0
0,0,0,0,0,0
0,0,0,0,0,0
0,0,0,0,0,0
0,0,0,0,0,0
0,0,0,0,0,0
0,0,0,0,0,0
0,0,0,0,0,0
0,0,0,0,0,0
0,0,0,0,0,0
0,0,0,0,0,0
0,0,0,0,0,0
0,0,0,0,0,0
0,0,0,0,0,0
0,0,0,0,0,0
0,0,0,0,0,0
0,0,0,0,0,0
0,0,0,0,0,0
0,0,0,0,0,0
0,0,0,0,0,0
0,0,0,0,0,0
0,0,0,0,0,0
0,0,0,0,0,0
0,0,0,0,0,0
0,0,0,0,0,0
0,0,0,0,0,0
0,0,0,0,0,0
0,0,0,0,0,0
0,0,0,0,0,0
0,0,0,0,0,0
0,0,0,0,0,0
0,0,0,0,0,0
0,0,0,0,0,0
0,0,0,0,0,0
0,0,0,0,0,0
0,0,0,0,0,0
0,0,0,0,0,0
0,0,0,0,0,0
0,0,0,0,0,0
0,0,0,0,0,0
0,0,0,0,0,0
0,0,0,0,0,0
0,0,0,0,0,0
0,0,0,0,0,0
0,0,0,0,0,0
0,0,0,0,0,0
0,0,0,0,0,0
0,0,0,0,0,0
0,0,0,0,0,0
0,0,0,0,0,0
0,0,0,0,0,0
0,0,0,0,0,0
0,0,0,0,0,0
0,0,0,0,0,0
0,0,0,0,0,0
0,0,0,0,0,0
0,0,0,0,0,0
0,0,0,0,0,0
0,0,0,0,0,0
0,0,0,0,0,0
0,0,0,0,0,0
0,0,0,0,0,0
0,0,0,0,0,0
0,0,0,0,0,0
0,0,0,0,0,0
0,0,0,0,0,0
0,0,0,0,0,0
0,0,0,0,0,0
0,0,0,0,0,0
0,0,0,0,0,0
0,0,0,0,0,0
0,0,0,0,0,0
0,0,0,0,0,0
0,0,0,0,0,0
0,0,0,0,0,0
0,0,0,0,0,0
0,0,0,0,0,0
0,0,0,0,0,0
0,0,0,0,0,0
0,0,0,0,0,0
0,0,0,0,0,0
0,0,0,0,0,0
0,0,0,0,0,0
0,0,0,0,0,0
0,0,0,0,0,0
0,0,0,0,0,0
0,0,0,0,0,0
0,0,0,0,0,0
0,0,0,0,0,0
0,0,0,0,0,0
0,0,0,0,0,0
0,0,0,0,0,0
0,0,0,0,0,0
0,0,0,0,0,0
0,0,0,0,0,0
0,0,0,0,0,0
0,0,0,0,0,0
0,0,0,0,0,0
0,0,0,0,0,0
0,0,0,0,0,0
0,0,0,0,0,0
0,0,0,0,0,0
0,0,0,0,0,0
0,0,0,0,0,0
0,0,0,0,0,0
0,0,0,0,0,0
0,0,0,0,0,0
0,0,0,0,0,0
0,0,0,0,0,0
0,0,0,0,0,0
0,0,0,0,0,0
0,0,0,0,0,0
0,0,0,0,0,0
0,0,0,0,0,0
0,0,0,0,0,0
0,0,0,0,0,0
0,0,0,0,0,0
0,0,0,0,0,0
0,0,0,0,0,0
0,0,0,0,0,0
0,0,0,0,0,0
0,0,0,0,0,0
0,0,0,0,0,0
0,0,0,0,0,0
0,0,0,0,0,0
0,0,0,0,0,0
0,0,0,0,0,0
0,0,0,0,0,0
0,0,0,0,0,0
0,0,0,0,0,0
0,0,0,0,0,0
0,0,0,0,0,0
0,0,0,0,0,0
0,0,0,0,0,0
0,0,0,0,0,0
0,0,0,0,0,0
0,0,0,0,0,0
0,0,0,0,0,0
0,0,0,0,0,0
0,0,0,0,0,0
0,0,0,0,0,0
0,0,0,0,0,0
0,0,0,0,0,0
0,0,0,0,0,0
0,0,0,0,0,0
0,0,0,0,0,0
0,0,0,0,0,0
0,0,0,0,0,0
0,0,0,0,0,0
0,0,0,0,0,0
0,0,0,0,0,0
0,0,0,0,0,0
0,0,0,0,0,0
0,0,0,0,0,0
0,0,0,0,0,0
0,0,0,0,0,0
0,0,0,0,0,0
0,0,0,0,0,0
0,0,0,0,0,0
0,0,0,0,0,0
0,0,0,0,0,0
0,0,0,0,0,0
0,0,0,0,0,0
0,0,0,0,0,0
0,0,0,0,0,0
0,0,0,0,0,0
0,0,0,0,0,0
0,0,0,0,0,0
0,0,0,0,0,0
0,0,0,0,0,0
0,0,0,0,0,0
0,0,0,0,0,0
0,0,0,0,0,0
0,0,0,0,0,0
0,0,0,0,0,0
0,0,0,0,0,0
0,0,0,0,0,0
0,0,0,0,0,0
0,0,0,0,0,0
0,0,0,0,0,0
0,0,0,0,0,0
0,0,0,0,0,0
0,0,0,0,0,0
0,0,0,0,0,0
0,0,0,0,0,0
0,0,0,0,0,0
0,0,0,0,0,0
0,0,0,0,0,0
0,0,0,0,0,0
0,0,0,0,0,0
0,0,0,0,0,0
0,0,0,0,0,0
0,0,0,0,0,0
0,0,0,0,0,0
0,0,0,0,0,0
0,0,0,0,0,0
0,0,0,0,0,0
0,0,0,0,0,0
0,0,0,0,0,0
0,0,0,0,0,0
0,0,0,0,0,0
0,0,0,0,0,0
0,0,0,0,0,0
0,0,0,0,0,0
0,0,0,0,0,0
0,0,0,0,0,0
0,0,0,0,0,0
0,0,0,0,0,0
0,0,0,0,0,0
0,0,0,0,0,0
0,0,0,0,0,0
0,0,0,0,0,0
0,0,0,0,0,0
0,0,0,0,0,0
0,0,0,0,0,0
0,0,0,0,0,0
0,0,0,0,0,0
0,0,0,0,0,0
0,0,0,0,0,0
0,0,0,0,0,0
0,0,0,0,0,0
0,0,0,0,0,0
0,0,0,0,0,0
0,0,0,0,0,0
0,0,0,0,0,0
0,0,0,0,0,0
0,0,0,0,0,0
0,0,0,0,0,0
0,0,0,0,0,0
0,0,0,0,0,0
0,0,0,0,0,0
0,0,0,0,0,0
0,0,0,0,0,0
0,0,0,0,0,0
0,0,0,0,0,0
0,0,0,0,0,0
0,0,0,0,0,0
0,0,0,0,0,0
0,0,0,0,0,0
0,0,0,0,0,0
0,0,0,0,0,0
0,0,0,0,0,0
0,0,0,0,0,0
0,0,0,0,0,0
0,0,0,0,0,0
0,0,0,0,0,0
0,0,0,0,0,0
0,0,0,0,0,0
0,0,0,0,0,0
0,0,0,0,0,0
0,0,0,0,0,0
0,0,0,0,0,0
0,0,0,0,0,0
0,0,0,0,0,0
0,0,0,0,0,0
0,0,0,0,0,0
0,0,0,0,0,0
0,0,0,0,0,0
0,0,0,0,0,0
0,0,0,0,0,0
0,0,0,0,0,0
0,0,0,0,0,0
0,0,0,0,0,0
0,0,0,0,0,0
0,0,0,0,0,0
0,0,0,0,0,0
0,0,0,0,0,0
0,0,0,0,0,0
0,0,0,0,0,0
0,0,0,0,0,0
0,0,0,0,0,0
0,0,0,0,0,0
0,0,0,0,0,0
0,0,0,0,0,0
0,0,0,0,0,0
0,0,0,0,0,0
0,0,0,0,0,0
0,0,0,0,0,0
0,0,0,0,0,0
0,0,0,0,0,0
0,0,0,0,0,0
0,0,0,0,0,0
0,0,0,0,0,0
0,0,0,0,0,0
0,0,0,0,0,0
0,0,0,0,0,0
0,0,0,0,0,0
0,0,0,0,0,0
0,0,0,0,0,0
0,0,0,0,0,0
0,0,0,0,0,0
0,0,0,0,0,0
0,0,0,0,0,0
0,0,0,0,0,0
0,0,0,0,0,0
0,0,0,0,0,0
0,0,0,0,0,0
0,0,0,0,0,0
0,0,0,0,0,0
0,0,0,0,0,0
0,0,0,0,0,0
0,0,0,0,0,0
0,0,0,0,0,0
0,0,0,0,0,0
0,0,0,0,0,0
0,0,0,0,0,0
0,0,0,0,0,0
0,0,0,0,0,0
0,0,0,0,0,0
0,0,0,0,0,0
0,0,0,0,0,0
0,0,0,0,0,0
0,0,0,0,0,0
0,0,0,0,0,0
0,0,0,0,0,0
0,0,0,0,0,0
0,0,0,0,0,0
0,0,0,0,0,0
0,0,0,0,0,0
0,0,0,0,0,0
0,0,0,0,0,0
0,0,0,0,0,0
0,0,0,0,0,0
0,0,0,0,0,0
0,0,0,0,0,0
0,0,0,0,0,0
0,0,0,0,0,0
0,0,0,0,0,0
0,0,0,0,0,0
0,0,0,0,0,0
0,0,0,0,0,0
0,0,0,0,0,0
0,0,0,0,0,0
0,0,0,0,0,0
0,0,0,0,0,0
0,0,0,0,0,0
0,0,0,0,0,0
0,0,0,0,0,0
0,0,0,0,0,0
0,0,0,0,0,0
0,0,0,0,0,0
0,0,0,0,0,0
0,0,0,0,0,0
0,0,0,0,0,0
0,0,0,0,0,0
0,0,0,0,0,0
0,0,0,0,0,0
0,0,0,0,0,0
0,0,0,0,0,0
0,0,0,0,0,0
0,0,0,0,0,0
0,0,0,0,0,0
0,0,0,0,0,0
0,0,0,0,0,0
0,0,0,0,0,0
0,0,0,0,0,0
0,0,0,0,0,0
0,0,0,0,0,0
0,0,0,0,0,0
0,0,0,0,0,0
176,336,255,255,255,255
192,336,255,255,255,255
192,352,255,255,255,255
176,352,255,255,255,255
176,336,255,255,255,255
192,336,255,255,255,255
192,352,255,255,255,255
176,352,255,255,255,255
176,336,255,255,255,255
192,336,255,255,255,255
192,352,255,255,255,255
176,352,255,255,255,255
176,336,255,255,255,255
192,336,255,255,255,255
192,352,255,255,255,255
176,352,255,255,255,255
0,0,0,0,0,0
0,0,0,0,0,0
0,0,0,0,0,0
0,0,0,0,0,0
0,0,0,0,0,0
0,0,0,0,0,0
0,0,0,0,0,0
0,0,0,0,0,0
0,0,0,0,0,0
0,0,0,0,0,0
0,0,0,0,0,0
0,0,0,0,0,0
0,0,0,0,0,0
0,0,0,0,0,0
0,0,0,0,0,0
0,0,0,0,0,0
0,0,0,0,0,0
0,0,0,0,0,0
0,0,0,0,0,0
0,0,0,0,0,0
0,0,0,0,0,0
0,0,0,0,0,0
0,0,0,0,0,0
0,0,0,0,0,0
0,0,0,0,0,0
0,0,0,0,0,0
0,0,0,0,0,0
0,0,0,0,0,0
0,0,0,0,0,0
0,0,0,0,0,0
0,0,0,0,0,0
0,0,0,0,0,0
0,0,0,0,0,0
0,0,0,0,0,0
0,0,0,0,0,0
0,0,0,0,0,0
0,0,0,0,0,0
0,0,0,0,0,0
0,0,0,0,0,0
0,0,0,0,0,0
0,0,0,0,0,0
0,0,0,0,0,0
0,0,0,0,0,0
0,0,0,0,0,0
0,0,0,0,0,0
0,0,0,0,0,0
0,0,0,0,0,0
0,0,0,0,0,0
0,0,0,0,0,0
0,0,0,0,0,0
0,0,0,0,0,0
0,0,0,0,0,0
0,0,0,0,0,0
0,0,0,0,0,0
0,0,0,0,0,0
0,0,0,0,0,0
0,0,0,0,0,0
0,0,0,0,0,0
0,0,0,0,0,0
0,0,0,0,0,0
0,0,0,0,0,0
0,0,0,0,0,0
0,0,0,0,0,0
0,0,0,0,0,0
0,0,0,0,0,0
0,0,0,0,0,0
0,0,0,0,0,0
0,0,0,0,0,0
0,0,0,0,0,0
0,0,0,0,0,0
0,0,0,0,0,0
0,0,0,0,0,0
0,0,0,0,0,0
0,0,0,0,0,0
0,0,0,0,0,0
0,0,0,0,0,0
0,0,0,0,0,0
0,0,0,0,0,0
0,0,0,0,0,0
0,0,0,0,0,0
0,0,0,0,0,0
0,0,0,0,0,0
0,0,0,0,0,0
0,0,0,0,0,0
0,0,0,0,0,0
0,0,0,0,0,0
0,0,0,0,0,0
0,0,0,0,0,0
0,0,0,0,0,0
0,0,0,0,0,0
0,0,0,0,0,0
0,0,0,0,0,0
0,0,0,0,0,0
0,0,0,0,0,0
0,0,0,0,0,0
0,0,0,0,0,0
0,0,0,0,0,0
0,0,0,0,0,0
0,0,0,0,0,0
0,0,0,0,0,0
0,0,0,0,0,0
0,0,0,0,0,0
0,0,0,0,0,0
0,0,0,0,0,0
0,0,0,0,0,0
0,0,0,0,0,0
0,0,0,0,0,0
0,0,0,0,0,0
176,336,255,255,255,255
192,336,255,255,255,255
192,352,255,255,255,255
176,352,255,255,255,255
176,336,255,255,255,255
192,336,255,255,255,255
192,352,255,255,255,255
176,352,255,255,255,255
176,336,255,255,255,255
192,336,255,255,255,255
192,352,255,255,255,255
176,352,255,255,255,255
0,0,0,0,0,0
0,0,0,0,0,0
0,0,0,0,0,0
0,0,0,0,0,0
0,0,0,0,0,0
0,0,0,0,0,0
0,0,0,0,0,0
0,0,0,0,0,0
0,0,0,0,0,0
0,0,0,0,0,0
0,0,0,0,0,0
0,0,0,0,0,0
0,0,0,0,0,0
0,0,0,0,0,0
0,0,0,0,0,0
0,0,0,0,0,0
0,0,0,0,0,0
0,0,0,0,0,0
0,0,0,0,0,0
0,0,0,0,0,0
0,0,0,0,0,0
0,0,0,0,0,0
0,0,0,0,0,0
0,0,0,0,0,0
0,0,0,0,0,0
0,0,0,0,0,0
0,0,0,0,0,0
0,0,0,0,0,0
0,0,0,0,0,0
0,0,0,0,0,0
0,0,0,0,0,0
0,0,0,0,0,0
0,0,0,0,0,0
0,0,0,0,0,0
0,0,0,0,0,0
0,0,0,0,0,0
0,0,0,0,0,0
0,0,0,0,0,0
0,0,0,0,0,0
0,0,0,0,0,0
0,0,0,0,0,0
0,0,0,0,0,0
0,0,0,0,0,0
0,0,0,0,0,0
0,0,0,0,0,0
0,0,0,0,0,0
0,0,0,0,0,0
0,0,0,0,0,0
0,0,0,0,0,0
0,0,0,0,0,0
0,0,0,0,0,0
0,0,0,0,0,0
0,0,0,0,0,0
0,0,0,0,0,0
0,0,0,0,0,0
0,0,0,0,0,0
0,0,0,0,0,0
0,0,0,0,0,0
0,0,0,0,0,0
0,0,0,0,0,0
0,0,0,0,0,0
0,0,0,0,0,0
0,0,0,0,0,0
0,0,0,0,0,0
0,0,0,0,0,0
0,0,0,0,0,0
0,0,0,0,0,0
0,0,0,0,0,0
0,0,0,0,0,0
0,0,0,0,0,0
0,0,0,0,0,0
0,0,0,0,0,0
192,336,255,255,255,255
208,336,255,255,255,255
208,352,255,255,255,255
192,352,255,255,255,255
192,336,255,255,255,255
208,336,255,255,255,255
208,352,255,255,255,255
192,352,255,255,255,255
192,336,255,255,255,255
208,336,255,255,255,255
208,352,255,255,255,255
192,352,255,255,255,255
0,0,0,0,0,0
0,0,0,0,0,0
0,0,0,0,0,0
0,0,0,0,0,0
0,0,0,0,0,0
0,0,0,0,0,0
0,0,0,0,0,0
0,0,0,0,0,0
0,0,0,0,0,0
0,0,0,0,0,0
0,0,0,0,0,0
0,0,0,0,0,0
0,0,0,0,0,0
0,0,0,0,0,0
0,0,0,0,0,0
0,0,0,0,0,0
0,0,0,0,0,0
0,0,0,0,0,0
0,0,0,0,0,0
0,0,0,0,0,0
0,0,0,0,0,0
0,0,0,0,0,0
0,0,0,0,0,0
0,0,0,0,0,0
0,0,0,0,0,0
0,0,0,0,0,0
0,0,0,0,0,0
0,0,0,0,0,0
0,0,0,0,0,0
0,0,0,0,0,0
0,0,0,0,0,0
0,0,0,0,0,0
0,0,0,0,0,0
0,0,0,0,0,0
0,0,0,0,0,0
0,0,0,0,0,0
0,0,0,0,0,0
0,0,0,0,0,0
0,0,0,0,0,0
0,0,0,0,0,0
0,0,0,0,0,0
0,0,0,0,0,0
0,0,0,0,0,0
0,0,0,0,0,0
0,0,0,0,0,0
0,0,0,0,0,0
0,0,0,0,0,0
0,0,0,0,0,0
0,0,0,0,0,0
0,0,0,0,0,0
0,0,0,0,0,0
0,0,0,0,0,0
0,0,0,0,0,0
0,0,0,0,0,0
0,0,0,0,0,0
0,0,0,0,0,0
0,0,0,0,0,0
0,0,0,0,0,0
0,0,0,0,0,0
0,0,0,0,0,0
0,0,0,0,0,0
0,0,0,0,0,0
0,0,0,0,0,0
0,0,0,0,0,0
0,0,0,0,0,0
0,0,0,0,0,0
0,0,0,0,0,0
0,0,0,0,0,0
0,0,0,0,0,0
0,0,0,0,0,0
0,0,0,0,0,0
0,0,0,0,0,0
0,0,0,0,0,0
0,0,0,0,0,0
0,0,0,0,0,0
0,0,0,0,0,0
0,0,0,0,0,0
0,0,0,0,0,0
0,0,0,0,0,0
0,0,0,0,0,0
0,0,0,0,0,0
0,0,0,0,0,0
0,0,0,0,0,0
0,0,0,0,0,0
0,0,0,0,0,0
0,0,0,0,0,0
0,0,0,0,0,0
0,0,0,0,0,0
0,0,0,0,0,0
0,0,0,0,0,0
0,0,0,0,0,0
0,0,0,0,0,0
0,0,0,0,0,0
0,0,0,0,0,0
0,0,0,0,0,0
0,0,0,0,0,0
0,0,0,0,0,0
0,0,0,0,0,0
0,0,0,0,0,0
0,0,0,0,0,0
0,0,0,0,0,0
0,0,0,0,0,0
0,0,0,0,0,0
0,0,0,0,0,0
0,0,0,0,0,0
0,0,0,0,0,0
0,0,0,0,0,0
0,0,0,0,0,0
0,0,0,0,0,0
0,0,0,0,0,0
0,0,0,0,0,0
0,0,0,0,0,0
0,0,0,0,0,0
0,0,0,0,0,0
0,0,0,0,0,0
0,0,0,0,0,0
0,0,0,0,0,0
0,0,0,0,0,0
0,0,0,0,0,0
0,0,0,0,0,0
0,128,255,255,255,255
16,128,255,255,255,255
16,144,255,255,255,255
0,144,255,255,255,255
16,128,255,255,255,255
32,128,255,255,255,255
32,144,255,255,255,255
16,144,255,255,255,255
0,0,0,0,0,0
0,0,0,0,0,0
0,0,0,0,0,0
0,0,0,0,0,0
0,0,0,0,0,0
0,0,0,0,0,0
0,0,0,0,0,0
0,0,0,0,0,0
0,0,0,0,0,0
0,0,0,0,0,0
0,0,0,0,0,0
0,0,0,0,0,0
192,352,255,255,255,255
208,352,255,255,255,255
208,368,255,255,255,255
192,368,255,255,255,255
192,352,255,255,255,255
208,352,255,255,255,255
208,368,255,255,255,255
192,368,255,255,255,255
0,0,0,0,0,0
0,0,0,0,0,0
0,0,0,0,0,0
0,0,0,0,0,0
0,0,0,0,0,0
0,0,0,0,0,0
0,0,0,0,0,0
0,0,0,0,0,0
0,0,0,0,0,0
0,0,0,0,0,0
0,0,0,0,0,0
0,0,0,0,0,0
0,0,0,0,0,0
0,0,0,0,0,0
0,0,0,0,0,0
0,0,0,0,0,0
0,128,255,255,255,255
16,128,255,255,255,255
16,144,255,255,255,255
0,144,255,255,255,255
16,128,255,255,255,255
32,128,255,255,255,255
32,144,255,255,255,255
16,144,255,255,255,255
0,0,0,0,0,0
0,0,0,0,0,0
0,0,0,0,0,0
0,0,0,0,0,0
0,0,0,0,0,0
0,0,0,0,0,0
0,0,0,0,0,0
0,0,0,0,0,0
0,0,0,0,0,0
0,0,0,0,0,0
0,0,0,0,0,0
0,0,0,0,0,0
0,0,0,0,0,0
0,0,0,0,0,0
0,0,0,0,0,0
0,0,0,0,0,0
0,0,0,0,0,0
0,0,0,0,0,0
0,0,0,0,0,0
0,0,0,0,0,0
0,0,0,0,0,0
0,0,0,0,0,0
0,0,0,0,0,0
0,0,0,0,0,0
0,0,0,0,0,0
0,0,0,0,0,0
0,0,0,0,0,0
0,0,0,0,0,0
0,0,0,0,0,0
0,0,0,0,0,0
0,0,0,0,0,0
0,0,0,0,0,0
0,0,0,0,0,0
0,0,0,0,0,0
0,0,0,0,0,0
0,0,0,0,0,0
0,128,255,255,255,255
16,128,255,255,255,255
16,144,255,255,255,255
0,144,255,255,255,255
16,128,255,255,255,255
32,128,255,255,255,255
32,144,255,255,255,255
16,144,255,255,255,255
0,0,0,0,0,0
0,0,0,0,0,0
0,0,0,0,0,0
0,0,0,0,0,0
0,0,0,0,0,0
0,0,0,0,0,0
0,0,0,0,0,0
0,0,0,0,0,0
0,0,0,0,0,0
0,0,0,0,0,0
0,0,0,0,0,0
0,0,0,0,0,0
0,0,0,0,0,0
0,0,0,0,0,0
0,0,0,0,0,0
0,0,0,0,0,0
0,0,0,0,0,0
0,0,0,0,0,0
0,0,0,0,0,0
0,0,0,0,0,0
0,0,0,0,0,0
0,0,0,0,0,0
0,0,0,0,0,0
0,0,0,0,0,0
0,144,255,255,255,255
16,144,255,255,255,255
16,160,255,255,255,255
0,160,255,255,255,255
16,144,255,255,255,255
32,144,255,255,255,255
32,160,255,255,255,255
16,160,255,255,255,255
0,0,0,0,0,0
0,0,0,0,0,0
0,0,0,0,0,0
0,0,0,0,0,0
192,352,255,255,255,255
208,352,255,255,255,255
208,368,255,255,255,255
192,368,255,255,255,255
144,128,255,255,255,255
160,128,255,255,255,255
160,144,255,255,255,255
144,144,255,255,255,255
192,352,255,255,255,255
208,352,255,255,255,255
208,368,255,255,255,255
192,368,255,255,255,255
192,352,255,255,255,255
208,352,255,255,255,255
208,368,255,255,255,255
192,368,255,255,255,255
192,352,255,255,255,255
208,352,255,255,255,255
208,368,255,255,255,255
192,368,255,255,255,255
0,0,0,0,0,0
0,0,0,0,0,0
0,0,0,0,0,0
0,0,0,0,0,0
0,0,0,0,0,0
0,0,0,0,0,0
0,0,0,0,0,0
0,0,0,0,0,0
0,0,0,0,0,0
0,0,0,0,0,0
0,0,0,0,0,0
0,0,0,0,0,0
0,144,255,255,255,255
16,144,255,255,255,255
16,160,255,255,255,255
0,160,255,255,255,255
16,144,255,255,255,255
32,144,255,255,255,255
32,160,255,255,255,255
16,160,255,255,255,255
0,0,0,0,0,0
0,0,0,0,0,0
0,0,0,0,0,0
0,0,0,0,0,0
0,0,0,0,0,0
0,0,0,0,0,0
0,0,0,0,0,0
0,0,0,0,0,0
0,0,0,0,0,0
0,0,0,0,0,0
0,0,0,0,0,0
0,0,0,0,0,0
0,0,0,0,0,0
0,0,0,0,0,0
0,0,0,0,0,0
0,0,0,0,0,0
0,0,0,0,0,0
0,0,0,0,0,0
0,0,0,0,0,0
0,0,0,0,0,0
0,0,0,0,0,0
0,0,0,0,0,0
0,0,0,0,0,0
0,0,0,0,0,0
0,0,0,0,0,0
0,0,0,0,0,0
0,0,0,0,0,0
0,0,0,0,0,0
0,0,0,0,0,0
0,0,0,0,0,0
0,0,0,0,0,0
0,0,0,0,0,0
0,0,0,0,0,0
0,0,0,0,0,0
0,0,0,0,0,0
0,0,0,0,0,0
0,144,255,255,255,255
16,144,255,255,255,255
16,160,255,255,255,255
0,160,255,255,255,255
16,144,255,255,255,255
32,144,255,255,255,255
32,160,255,255,255,255
16,160,255,255,255,255
0,0,0,0,0,0
0,0,0,0,0,0
0,0,0,0,0,0
0,0,0,0,0,0
0,0,0,0,0,0
0,0,0,0,0,0
0,0,0,0,0,0
0,0,0,0,0,0
0,0,0,0,0,0
0,0,0,0,0,0
0,0,0,0,0,0
0,0,0,0,0,0
0,0,0,0,0,0
0,0,0,0,0,0
0,0,0,0,0,0
0,0,0,0,0,0
0,0,0,0,0,0
0,0,0,0,0,0
0,0,0,0,0,0
0,0,0,0,0,0
0,0,0,0,0,0
0,0,0,0,0,0
0,0,0,0,0,0
0,0,0,0,0,0
0,144,255,255,255,255
16,144,255,255,255,255
16,160,255,255,255,255
0,160,255,255,255,255
16,144,255,255,255,255
32,144,255,255,255,255
32,160,255,255,255,255
16,160,255,255,255,255
0,0,0,0,0,0
0,0,0,0,0,0
0,0,0,0,0,0
0,0,0,0,0,0
128,128,255,255,255,255
144,128,255,255,255,255
144,144,255,255,255,255
128,144,255,255,255,255
128,144,255,255,255,255
144,144,255,255,255,255
144,160,255,255,255,255
128,160,255,255,255,255
160,128,255,255,255,255
176,128,255,255,255,255
176,144,255,255,255,255
160,144,255,255,255,255
192,320,255,255,255,255
208,320,255,255,255,255
208,336,255,255,255,255
192,336,255,255,255,255
192,352,255,255,255,255
208,352,255,255,255,255
208,368,255,255,255,255
192,368,255,255,255,255
0,0,0,0,0,0
0,0,0,0,0,0
0,0,0,0,0,0
0,0,0,0,0,0
0,0,0,0,0,0
0,0,0,0,0,0
0,0,0,0,0,0
0,0,0,0,0,0
0,0,0,0,0,0
0,0,0,0,0,0
0,0,0,0,0,0
0,0,0,0,0,0
0,144,255,255,255,255
16,144,255,255,255,255
16,160,255,255,255,255
0,160,255,255,255,255
16,144,255,255,255,255
32,144,255,255,255,255
32,160,255,255,255,255
16,160,255,255,255,255
0,0,0,0,0,0
0,0,0,0,0,0
0,0,0,0,0,0
0,0,0,0,0,0
0,0,0,0,0,0
0,0,0,0,0,0
0,0,0,0,0,0
0,0,0,0,0,0
0,0,0,0,0,0
0,0,0,0,0,0
0,0,0,0,0,0
0,0,0,0,0,0
0,0,0,0,0,0
0,0,0,0,0,0
0,0,0,0,0,0
0,0,0,0,0,0
0,0,0,0,0,0
0,0,0,0,0,0
0,0,0,0,0,0
0,0,0,0,0,0
0,0,0,0,0,0
0,0,0,0,0,0
0,0,0,0,0,0
0,0,0,0,0,0
0,0,0,0,0,0
0,0,0,0,0,0
0,0,0,0,0,0
0,0,0,0,0,0
0,0,0,0,0,0
0,0,0,0,0,0
0,0,0,0,0,0
0,0,0,0,0,0
0,0,0,0,0,0
0,0,0,0,0,0
0,0,0,0,0,0
0,0,0,0,0,0
0,144,255,255,255,255
16,144,255,255,255,255
16,160,255,255,255,255
0,160,255,255,255,255
16,144,255,255,255,255
32,144,255,255,255,255
32,160,255,255,255,255
16,160,255,255,255,255
0,0,0,0,0,0
0,0,0,0,0,0
0,0,0,0,0,0
0,0,0,0,0,0
176,144,255,255,255,255
192,144,255,255,255,255
192,160,255,255,255,255
176,160,255,255,255,255
192,144,255,255,255,255
208,144,255,255,255,255
208,160,255,255,255,255
192,160,255,255,255,255
192,144,255,255,255,255
208,144,255,255,255,255
208,160,255,255,255,255
192,160,255,255,255,255
208,144,255,255,255,255
224,144,255,255,255,255
224,160,255,255,255,255
208,160,255,255,255,255
0,0,0,0,0,0
0,0,0,0,0,0
0,0,0,0,0,0
0,0,0,0,0,0
0,144,255,255,255,255
16,144,255,255,255,255
16,160,255,255,255,255
0,160,255,255,255,255
16,144,255,255,255,255
32,144,255,255,255,255
32,160,255,255,255,255
16,160,255,255,255,255
128,128,255,255,255,255
144,128,255,255,255,255
144,144,255,255,255,255
128,144,255,255,255,255
128,144,255,255,255,255
144,144,255,255,255,255
144,160,255,255,255,255
128,160,255,255,255,255
144,144,255,255,255,255
160,144,255,255,255,255
160,160,255,255,255,255
144,160,255,255,255,255
160,144,255,255,255,255
176,144,255,255,255,255
176,160,255,255,255,255
160,160,255,255,255,255
160,128,255,255,255,255
176,128,255,255,255,255
176,144,255,255,255,255
160,144,255,255,255,255
192,352,255,255,255,255
208,352,255,255,255,255
208,368,255,255,255,255
192,368,255,255,255,255
192,352,255,255,255,255
208,352,255,255,255,255
208,368,255,255,255,255
192,368,255,255,255,255
0,0,0,0,0,0
0,0,0,0,0,0
0,0,0,0,0,0
0,0,0,0,0,0
0,0,0,0,0,0
0,0,0,0,0,0
0,0,0,0,0,0
0,0,0,0,0,0
0,144,255,255,255,255
16,144,255,255,255,255
16,160,255,255,255,255
0,160,255,255,255,255
16,144,255,255,255,255
32,144,255,255,255,255
32,160,255,255,255,255
16,160,255,255,255,255
176,176,255,255,255,255
192,176,255,255,255,255
192,192,255,255,255,255
176,192,255,255,255,255
0,0,255,255,255,255
16,0,255,255,255,255
16,16,255,255,255,255
0,16,255,255,255,255
0,0,255,255,255,255
16,0,255,255,255,255
16,16,255,255,255,255
0,16,255,255,255,255
0,0,255,255,255,255
16,0,255,255,255,255
16,16,255,255,255,255
0,16,255,255,255,255
0,0,255,255,255,255
16,0,255,255,255,255
16,16,255,255,255,255
0,16,255,255,255,255
0,0,255,255,255,255
16,0,255,255,255,255
16,16,255,255,255,255
0,16,255,255,255,255
0,0,255,255,255,255
16,0,255,255,255,255
16,16,255,255,255,255
0,16,255,255,255,255
0,0,255,255,255,255
16,0,255,255,255,255
16,16,255,255,255,255
0,16,255,255,255,255
0,0,255,255,255,255
16,0,255,255,255,255
16,16,255,255,255,255
0,16,255,255,255,255
0,0,255,255,255,255
16,0,255,255,255,255
16,16,255,255,255,255
0,16,255,255,255,255
0,0,255,255,255,255
16,0,255,255,255,255
16,16,255,255,255,255
0,16,255,255,255,255
0,0,255,255,255,255
16,0,255,255,255,255
16,16,255,255,255,255
0,16,255,255,255,255
0,0,255,255,255,255
16,0,255,255,255,255
16,16,255,255,255,255
0,16,255,255,255,255
0,0,255,255,255,255
16,0,255,255,255,255
16,16,255,255,255,255
0,16,255,255,255,255
0,0,255,255,255,255
16,0,255,255,255,255
16,16,255,255,255,255
0,16,255,255,255,255
0,0,255,255,255,255
16,0,255,255,255,255
16,16,255,255,255,255
0,16,255,255,255,255
0,0,255,255,255,255
16,0,255,255,255,255
16,16,255,255,255,255
0,16,255,255,255,255
0,0,255,255,255,255
16,0,255,255,255,255
16,16,255,255,255,255
0,16,255,255,255,255
0,0,255,255,255,255
16,0,255,255,255,255
16,16,255,255,255,255
0,16,255,255,255,255
0,0,255,255,255,255
16,0,255,255,255,255
16,16,255,255,255,255
0,16,255,255,255,255
0,0,255,255,255,255
16,0,255,255,255,255
16,16,255,255,255,255
0,16,255,255,255,255
0,0,255,255,255,255
16,0,255,255,255,255
16,16,255,255,255,255
0,16,255,255,255,255
0,0,255,255,255,255
16,0,255,255,255,255
16,16,255,255,255,255
0,16,255,255,255,255
0,0,255,255,255,255
16,0,255,255,255,255
16,16,255,255,255,255
0,16,255,255,255,255
0,0,255,255,255,255
16,0,255,255,255,255
16,16,255,255,255,255
0,16,255,255,255,255
0,0,255,255,255,255
16,0,255,255,255,255
16,16,255,255,255,255
0,16,255,255,255,255
0,0,255,255,255,255
16,0,255,255,255,255
16,16,255,255,255,255
0,16,255,255,255,255
0,0,255,255,255,255
16,0,255,255,255,255
16,16,255,255,255,255
0,16,255,255,255,255
0,0,255,255,255,255
16,0,255,255,255,255
16,16,255,255,255,255
0,16,255,255,255,255
0,0,255,255,255,255
16,0,255,255,255,255
16,16,255,255,255,255
0,16,255,255,255,255
0,0,255,255,255,255
16,0,255,255,255,255
16,16,255,255,255,255
0,16,255,255,255,255
0,0,255,255,255,255
16,0,255,255,255,255
16,16,255,255,255,255
0,16,255,255,255,255
0,0,255,255,255,255
16,0,255,255,255,255
16,16,255,255,255,255
0,16,255,255,255,255
0,0,255,255,255,255
16,0,255,255,255,255
16,16,255,255,255,255
0,16,255,255,255,255
0,0,255,255,255,255
16,0,255,255,255,255
16,16,255,255,255,255
0,16,255,255,255,255
0,0,255,255,255,255
16,0,255,255,255,255
16,16,255,255,255,255
0,16,255,255,255,255
0,0,255,255,255,255
16,0,255,255,255,255
16,16,255,255,255,255
0,16,255,255,255,255
0,0,255,255,255,255
16,0,255,255,255,255
16,16,255,255,255,255
0,16,255,255,255,255
0,0,255,255,255,255
16,0,255,255,255,255
16,16,255,255,255,255
0,16,255,255,255,255
0,0,255,255,255,255
16,0,255,255,255,255
16,16,255,255,255,255
0,16,255,255,255,255
0,0,255,255,255,255
16,0,255,255,255,255
16,16,255,255,255,255
0,16,255,255,255,255
0,0,255,255,255,255
16,0,255,255,255,255
16,16,255,255,255,255
0,16,255,255,255,255
0,0,255,255,255,255
16,0,255,255,255,255
16,16,255,255,255,255
0,16,255,255,255,255
0,0,255,255,255,255
16,0,255,255,255,255
16,16,255,255,255,255
0,16,255,255,255,255
0,0,255,255,255,255
16,0,255,255,255,255
16,16,255,255,255,255
0,16,255,255,255,255
0,0,255,255,255,255
16,0,255,255,255,255
16,16,255,255,255,255
0,16,255,255,255,255
0,0,255,255,255,255
16,0,255,255,255,255
16,16,255,255,255,255
0,16,255,255,255,255
0,0,255,255,255,255
16,0,255,255,255,255
16,16,255,255,255,255
0,16,255,255,255,255
0,0,255,255,255,255
16,0,255,255,255,255
16,16,255,255,255,255
0,16,255,255,255,255
0,0,255,255,255,255
16,0,255,255,255,255
16,16,255,255,255,255
0,16,255,255,255,255
0,0,255,255,255,255
16,0,255,255,255,255
16,16,255,255,255,255
0,16,255,255,255,255
0,0,255,255,255,255
16,0,255,255,255,255
16,16,255,255,255,255
0,16,255,255,255,255
0,0,255,255,255,255
16,0,255,255,255,255
16,16,255,255,255,255
0,16,255,255,255,255
0,0,255,255,255,255
16,0,255,255,255,255
16,16,255,255,255,255
0,16,255,255,255,255
0,0,255,255,255,255
16,0,255,255,255,255
16,16,255,255,255,255
0,16,255,255,255,255
0,0,255,255,255,255
16,0,255,255,255,255
16,16,255,255,255,255
0,16,255,255,255,255
0,0,255,255,255,255
16,0,255,255,255,255
16,16,255,255,255,255
0,16,255,255,255,255
0,0,255,255,255,255
16,0,255,255,255,255
16,16,255,255,255,255
0,16,255,255,255,255
0,0,255,255,255,255
16,0,255,255,255,255
16,16,255,255,255,255
0,16,255,255,255,255
0,0,255,255,255,255
16,0,255,255,255,255
16,16,255,255,255,255
0,16,255,255,255,255
0,0,255,255,255,255
16,0,255,255,255,255
16,16,255,255,255,255
0,16,255,255,255,255
0,0,255,255,255,255
16,0,255,255,255,255
16,16,255,255,255,255
0,16,255,255,255,255
0,0,255,255,255,255
16,0,255,255,255,255
16,16,255,255,255,255
0,16,255,255,255,255
0,0,255,255,255,255
16,0,255,255,255,255
16,16,255,255,255,255
0,16,255,255,255,255
0,0,255,255,255,255
16,0,255,255,255,255
16,16,255,255,255,255
0,16,255,255,255,255
0,0,255,255,255,255
16,0,255,255,255,255
16,16,255,255,255,255
0,16,255,255,255,255
0,0,255,255,255,255
16,0,255,255,255,255
16,16,255,255,255,255
0,16,255,255,255,255
0,0,255,255,255,255
16,0,255,255,255,255
16,16,255,255,255,255
0,16,255,255,255,255
0,0,255,255,255,255
16,0,255,255,255,255
16,16,255,255,255,255
0,16,255,255,255,255
0,0,255,255,255,255
16,0,255,255,255,255
16,16,255,255,255,255
0,16,255,255,255,255
0,0,255,255,255,255
16,0,255,255,255,255
16,16,255,255,255,255
0,16,255,255,255,255
0,0,255,255,255,255
16,0,255,255,255,255
16,16,255,255,255,255
0,16,255,255,255,255
0,0,255,255,255,255
16,0,255,255,255,255
16,16,255,255,255,255
0,16,255,255,255,255
0,0,255,255,255,255
16,0,255,255,255,255
16,16,255,255,255,255
0,16,255,255,255,255
0,0,255,255,255,255
16,0,255,255,255,255
16,16,255,255,255,255
0,16,255,255,255,255
0,0,255,255,255,255
16,0,255,255,255,255
16,16,255,255,255,255
0,16,255,255,255,255
0,0,255,255,255,255
16,0,255,255,255,255
16,16,255,255,255,255
0,16,255,255,255,255
0,0,255,255,255,255
16,0,255,255,255,255
16,16,255,255,255,255
0,16,255,255,255,255
0,0,255,255,255,255
16,0,255,255,255,255
16,16,255,255,255,255
0,16,255,255,255,255
0,0,255,255,255,255
16,0,255,255,255,255
16,16,255,255,255,255
0,16,255,255,255,255
0,0,255,255,255,255
16,0,255,255,255,255
16,16,255,255,255,255
0,16,255,255,255,255
0,0,255,255,255,255
16,0,255,255,255,255
16,16,255,255,255,255
0,16,255,255,255,255
0,0,255,255,255,255
16,0,255,255,255,255
16,16,255,255,255,255
0,16,255,255,255,255
0,0,255,255,255,255
16,0,255,255,255,255
16,16,255,255,255,255
0,16,255,255,255,255
0,0,255,255,255,255
16,0,255,255,255,255
16,16,255,255,255,255
0,16,255,255,255,255
0,0,255,255,255,255
16,0,255,255,255,255
16,16,255,255,255,255
0,16,255,255,255,255
0,0,255,255,255,255
16,0,255,255,255,255
16,16,255,255,255,255
0,16,255,255,255,255
0,0,255,255,255,255
16,0,255,255,255,255
16,16,255,255,255,255
0,16,255,255,255,255
0,0,255,255,255,255
16,0,255,255,255,255
16,16,255,255,255,255
0,16,255,255,255,255
0,0,255,255,255,255
16,0,255,255,255,255
16,16,255,255,255,255
0,16,255,255,255,255
0,0,255,255,255,255
16,0,255,255,255,255
16,16,255,255,255,255
0,16,255,255,255,255
0,0,255,255,255,255
16,0,255,255,255,255
16,16,255,255,255,255
0,16,255,255,255,255
0,0,255,255,255,255
16,0,255,255,255,255
16,16,255,255,255,255
0,16,255,255,255,255
0,0,255,255,255,255
16,0,255,255,255,255
16,16,255,255,255,255
0,16,255,255,255,255
0,0,255,255,255,255
16,0,255,255,255,255
16,16,255,255,255,255
0,16,255,255,255,255
0,0,255,255,255,255
16,0,255,255,255,255
16,16,255,255,255,255
0,16,255,255,255,255
0,0,255,255,255,255
16,0,255,255,255,255
16,16,255,255,255,255
0,16,255,255,255,255
0,0,255,255,255,255
16,0,255,255,255,255
16,16,255,255,255,255
0,16,255,255,255,255
0,0,255,255,255,255
16,0,255,255,255,255
16,16,255,255,255,255
0,16,255,255,255,255
0,0,255,255,255,255
16,0,255,255,255,255
16,16,255,255,255,255
0,16,255,255,255,255
0,0,255,255,255,255
16,0,255,255,255,255
16,16,255,255,255,255
0,16,255,255,255,255
0,0,255,255,255,255
16,0,255,255,255,255
16,16,255,255,255,255
0,16,255,255,255,255
0,0,255,255,255,255
16,0,255,255,255,255
16,16,255,255,255,255
0,16,255,255,255,255
0,0,255,255,255,255
16,0,255,255,255,255
16,16,255,255,255,255
0,16,255,255,255,255
0,0,255,255,255,255
16,0,255,255,255,255
16,16,255,255,255,255
0,16,255,255,255,255
0,0,255,255,255,255
16,0,255,255,255,255
16,16,255,255,255,255
0,16,255,255,255,255
0,0,255,255,255,255
16,0,255,255,255,255
16,16,255,255,255,255
0,16,255,255,255,255
0,0,255,255,255,255
16,0,255,255,255,255
16,16,255,255,255,255
0,16,255,255,255,255
0,0,255,255,255,255
16,0,255,255,255,255
16,16,255,255,255,255
0,16,255,255,255,255
0,0,255,255,255,255
16,0,255,255,255,255
16,16,255,255,255,255
0,16,255,255,255,255
0,0,255,255,255,255
16,0,255,255,255,255
16,16,255,255,255,255
0,16,255,255,255,255
0,0,255,255,255,255
16,0,255,255,255,255
16,16,255,255,255,255
0,16,255,255,255,255
0,0,255,255,255,255
16,0,255,255,255,255
16,16,255,255,255,255
0,16,255,255,255,255
0,0,255,255,255,255
16,0,255,255,255,255
16,16,255,255,255,255
0,16,255,255,255,255
0,0,255,255,255,255
16,0,255,255,255,255
16,16,255,255,255,255
0,16,255,255,255,255
0,0,255,255,255,255
16,0,255,255,255,255
16,16,255,255,255,255
0,16,255,255,255,255
0,0,255,255,255,255
16,0,255,255,255,255
16,16,255,255,255,255
0,16,255,255,255,255
0,0,255,255,255,255
16,0,255,255,255,255
16,16,255,255,255,255
0,16,255,255,255,255
0,0,255,255,255,255
16,0,255,255,255,255
16,16,255,255,255,255
0,16,255,255,255,255
0,0,255,255,255,255
16,0,255,255,255,255
16,16,255,255,255,255
0,16,255,255,255,255
0,0,255,255,255,255
16,0,255,255,255,255
16,16,255,255,255,255
0,16,255,255,255,255
